Workbook

Sheet Start
B2: dayova. / Start
B4: VORLAGE · Fiktive Beispieldaten · Stand 06.09.2026
B6: Einfach eintragen. Den Überblick behalten.
B9: 01 Kopie erstellen
B10: Datei → Kopie erstellen. Diese Vorlage als unverändertes Original behalten.
B12: 02 Eingaben ersetzen
B13: Lernschritte und Budget: hellblaue Zellen bearbeiten. Zeilen 7–106 sind vorbereitet. Beispielzeilen ersetzen oder Eingaben löschen.
B15: 03 Überblick nutzen
B16: Dashboard berechnet aus den Eingaben. Zeilen nur mit ID (Lernschritte) bzw. Position (Budget) zählen. Keine personenbezogenen Lernerdaten nötig.
B18: 04 Vor dem Teilen prüfen
B19: Beispieldaten, Datumsbereich, Formeln und Diagramm prüfen. Zahlen in Präsentationen manuell aktualisieren. Kein automatischer App- oder Linear-Abgleich.
B23: Zeilen 7–106 = 100 Datensätze. Darüber hinaus müssen Formeln, Filter und Validierungen erweitert werden. 0 % bedeutet: keine erfassten abgeschlossenen Lernschritte. Nur Blau = Eingabe; Grau/Weiß = berechnet oder Anleitung. Status wird zusätzlich als Text angezeigt.

Sheet Dashboard
B2: dayova. / Dashboard
B4: VORLAGE · Fiktive Beispieldaten · Stand 06.09.2026
B6: Der nächste Schritt beginnt mit Überblick.
B9: Lernschritte | E9: Abgeschlossen | H9: Geplante Minuten
B10: =COUNTIF(Lernschritte!B7:B106,"<>") | E10: =IFERROR(SUM(Lernschritte!I7:I106)/COUNTIF(Lernschritte!B7:B106,"<>"),0) | H10: =SUMIF(Lernschritte!B7:B106,"<>",Lernschritte!G7:G106)
B15: Status | C15: Anzahl
B16: Geplant | C16: =COUNTIFS(Lernschritte!B7:B106,"<>",Lernschritte!H7:H106,B16)
B17: In Arbeit | C17: =COUNTIFS(Lernschritte!B7:B106,"<>",Lernschritte!H7:H106,B17)
B18: Erledigt | C18: =COUNTIFS(Lernschritte!B7:B106,"<>",Lernschritte!H7:H106,B18)
B21: Budget · Plan | E21: Budget · Ist | H21: Budget · Rest
B22: =SUM(Budget!F7:F106) | E22: =SUMIF(Budget!B7:B106,"<>",Budget!G7:G106) | H22: =B22-E22

Sheet Lernschritte
B2: dayova. / Lernschritte
B4: VORLAGE · Fiktive Beispieldaten · Stand 06.09.2026
B6: ID | C6: Datum | D6: Fach | E6: Thema | F6: Typ | G6: Minuten | H6: Status | I6: Erledigt | J6: Notiz
B7: LS-001 | C7: 46272 | D7: Mathematik | E7: Lineare Funktionen | F7: Theorie | G7: 30 | H7: Erledigt | I7: =IF(B7="","",IF(H7="Erledigt",1,0)) | J7: Fiktives Beispiel
B8: LS-002 | C8: 46273 | D8: Biologie | E8: Zellaufbau | F8: Üben | G8: 25 | H8: Erledigt | I8: =IF(B8="","",IF(H8="Erledigt",1,0)) | J8: Fiktives Beispiel
B9: LS-003 | C9: 46274 | D9: Englisch | E9: Textverständnis | F9: Praxis | G9: 20 | H9: Geplant | I9: =IF(B9="","",IF(H9="Erledigt",1,0)) | J9: Fiktives Beispiel
B10: LS-004 | C10: 46275 | D10: Mathematik | E10: Gleichungen | F10: Üben | G10: 30 | H10: In Arbeit | I10: =IF(B10="","",IF(H10="Erledigt",1,0)) | J10: Fiktives Beispiel
B11: LS-005 | C11: 46276 | D11: Deutsch | E11: Argumentieren | F11: Hausaufgabe | G11: 25 | H11: Geplant | I11: =IF(B11="","",IF(H11="Erledigt",1,0)) | J11: Fiktives Beispiel
B12: LS-006 | C12: 46277 | D12: Biologie | E12: Genetik | F12: Theorie | G12: 30 | H12: Erledigt | I12: =IF(B12="","",IF(H12="Erledigt",1,0)) | J12: Fiktives Beispiel
I13: =IF(B13="","",IF(H13="Erledigt",1,0))
I14: =IF(B14="","",IF(H14="Erledigt",1,0))
I15: =IF(B15="","",IF(H15="Erledigt",1,0))
I16: =IF(B16="","",IF(H16="Erledigt",1,0))
I17: =IF(B17="","",IF(H17="Erledigt",1,0))
I18: =IF(B18="","",IF(H18="Erledigt",1,0))
I19: =IF(B19="","",IF(H19="Erledigt",1,0))
I20: =IF(B20="","",IF(H20="Erledigt",1,0))
I21: =IF(B21="","",IF(H21="Erledigt",1,0))
I22: =IF(B22="","",IF(H22="Erledigt",1,0))
I23: =IF(B23="","",IF(H23="Erledigt",1,0))
I24: =IF(B24="","",IF(H24="Erledigt",1,0))
... I106: =IF(B106="","",IF(H106="Erledigt",1,0))

Sheet Budget
B2: dayova. / Budget
B4: VORLAGE · Fiktive Beispieldaten · Stand 06.09.2026
B6: Position | C6: Kategorie | D6: Menge | E6: Einzelpreis | F6: Plan | G6: Ist | H6: Rest | I6: Status | J6: Notiz
B7: Material | C7: Durchführung | D7: 10 | E7: 8 | F7: =IF(B7="","",IFERROR(D7*E7,0)) | G7: 65 | H7: =IF(B7="","",F7-G7) | I7: =IF(B7="","",IF(H7<0,"Über Plan","Im Plan")) | J7: Fiktive Werte · keine Dayova Preise
B8: Vorbereitung | C8: Organisation | D8: 2 | E8: 40 | F8: =IF(B8="","",IFERROR(D8*E8,0)) | G8: 80 | H8: =IF(B8="","",F8-G8) | I8: =IF(B8="","",IF(H8<0,"Über Plan","Im Plan")) | J8: Fiktive Werte · keine Dayova Preise
B9: Rückmeldung | C9: Auswertung | D9: 1 | E9: 50 | F9: =IF(B9="","",IFERROR(D9*E9,0)) | G9: 60 | H9: =IF(B9="","",F9-G9) | I9: =IF(B9="","",IF(H9<0,"Über Plan","Im Plan")) | J9: Fiktive Werte · keine Dayova Preise
F10: =IF(B10="","",IFERROR(D10*E10,0)) | H10: =IF(B10="","",F10-G10) | I10: =IF(B10="","",IF(H10<0,"Über Plan","Im Plan"))
F11: =IF(B11="","",IFERROR(D11*E11,0)) | H11: =IF(B11="","",F11-G11) | I11: =IF(B11="","",IF(H11<0,"Über Plan","Im Plan"))
F12: =IF(B12="","",IFERROR(D12*E12,0)) | H12: =IF(B12="","",F12-G12) | I12: =IF(B12="","",IF(H12<0,"Über Plan","Im Plan"))
F13: =IF(B13="","",IFERROR(D13*E13,0)) | H13: =IF(B13="","",F13-G13) | I13: =IF(B13="","",IF(H13<0,"Über Plan","Im Plan"))
F14: =IF(B14="","",IFERROR(D14*E14,0)) | H14: =IF(B14="","",F14-G14) | I14: =IF(B14="","",IF(H14<0,"Über Plan","Im Plan"))
F15: =IF(B15="","",IFERROR(D15*E15,0)) | H15: =IF(B15="","",F15-G15) | I15: =IF(B15="","",IF(H15<0,"Über Plan","Im Plan"))
F16: =IF(B16="","",IFERROR(D16*E16,0)) | H16: =IF(B16="","",F16-G16) | I16: =IF(B16="","",IF(H16<0,"Über Plan","Im Plan"))
F17: =IF(B17="","",IFERROR(D17*E17,0)) | H17: =IF(B17="","",F17-G17) | I17: =IF(B17="","",IF(H17<0,"Über Plan","Im Plan"))
F18: =IF(B18="","",IFERROR(D18*E18,0)) | H18: =IF(B18="","",F18-G18) | I18: =IF(B18="","",IF(H18<0,"Über Plan","Im Plan"))
F19: =IF(B19="","",IFERROR(D19*E19,0)) | H19: =IF(B19="","",F19-G19) | I19: =IF(B19="","",IF(H19<0,"Über Plan","Im Plan"))
F20: =IF(B20="","",IFERROR(D20*E20,0)) | H20: =IF(B20="","",F20-G20) | I20: =IF(B20="","",IF(H20<0,"Über Plan","Im Plan"))
F21: =IF(B21="","",IFERROR(D21*E21,0)) | H21: =IF(B21="","",F21-G21) | I21: =IF(B21="","",IF(H21<0,"Über Plan","Im Plan"))
... F106: =IF(B106="","",IFERROR(D106*E106,0)) | H106: =IF(B106="","",F106-G106) | I106: =IF(B106="","",IF(H106<0,"Über Plan","Im Plan"))

Sheet Marke
B2: dayova. / Marke
B4: VORLAGE · Fiktive Beispieldaten · Stand 06.09.2026
B6: Rolle | C6: HEX | D6: Verwendung
B7: Primär | C7: #00BAFF | D7: Akzente; dunkler Text
B8: Text | C8: #1A1A1A | D8: Primärtext
B9: Hintergrund | C9: #F6F6F4 | D9: Arbeitsfläche
B10: Fläche | C10: #FFFFFF | D10: Karten
B11: Eingabe | C11: #F1F7FB | D11: Bearbeitbare Zellen
B12: Sekundärtext | C12: #5F6B7C | D12: Hinweise
B13: Theorie | C13: #5856D6 | D13: Kategorie, nicht Warnstatus
B16: Poppins Regular für Fließtext, Poppins SemiBold für Überschriften. In Sheets wird Hervorhebung über Fett dargestellt. #00BAFF immer mit #1A1A1A kombinieren. Kategorien nie als einzige Statusinformation nutzen.
B20: Quellen: dayova.com (06.09.2026), App-Tokens und Design-System-Kontext im Repository. Figma ist Referenz, kein Freigabegate. Die Entscheidungsdokumentation und Nutzungshinweise liegen im Kit. Eingabeflächen sind formatiert, nicht gegen Änderungen gesperrt.
